{
  "Oct 2025": 683136.0100000004,
  "Nov 2025": 399805.24000000005,
  "Dec 2025": 806901.9999999999,
  "Jan 2026": 561507.7100000003,
  "Feb 2026": 1039494.2199999996
}