{
  "Apr 2025": 606304.5100000006,
  "May 2025": 509134.42,
  "Jun 2025": 537931.8699999999,
  "Jul 2025": 798241.3100000002,
  "Aug 2025": 596658.2000000002,
  "Sep 2025": 614902.5899999999
}