{
  "V9": {
    "total_orders": 880,
    "shipped": 810,
    "delivered": 735,
    "rto": 70,
    "in_transit": 0,
    "cancelled": 70,
    "lost": 5,
    "revenue": 1285737.199999999,
    "freight": 128761.02999999895
  },
  "V2": {
    "total_orders": 1364,
    "shipped": 1333,
    "delivered": 1163,
    "rto": 166,
    "in_transit": 0,
    "cancelled": 31,
    "lost": 4,
    "revenue": 1275862.899999999,
    "freight": 115751.09999999995
  },
  "V2- P of 2": {
    "total_orders": 30,
    "shipped": 30,
    "delivered": 28,
    "rto": 2,
    "in_transit": 0,
    "cancelled": 0,
    "lost": 0,
    "revenue": 53423.06999999999,
    "freight": 4663.9800000000005
  },
  "V8": {
    "total_orders": 61,
    "shipped": 55,
    "delivered": 52,
    "rto": 3,
    "in_transit": 0,
    "cancelled": 6,
    "lost": 0,
    "revenue": 83929.18999999999,
    "freight": 12227.080000000004
  },
  "V6": {
    "total_orders": 1364,
    "shipped": 1344,
    "delivered": 1194,
    "rto": 145,
    "in_transit": 1,
    "cancelled": 20,
    "lost": 4,
    "revenue": 1300841.1999999995,
    "freight": 112316.40999999989
  },
  "V9-V3 Combo": {
    "total_orders": 60,
    "shipped": 39,
    "delivered": 39,
    "rto": 0,
    "in_transit": 0,
    "cancelled": 21,
    "lost": 0,
    "revenue": 115099.26,
    "freight": 8753.600000000002
  },
  "Busy Book Pink": {
    "total_orders": 178,
    "shipped": 149,
    "delivered": 143,
    "rto": 5,
    "in_transit": 0,
    "cancelled": 29,
    "lost": 1,
    "revenue": 117153.79000000011,
    "freight": 40044.69999999995
  },
  "V1- P of 2": {
    "total_orders": 52,
    "shipped": 49,
    "delivered": 46,
    "rto": 3,
    "in_transit": 0,
    "cancelled": 3,
    "lost": 0,
    "revenue": 64680.47999999998,
    "freight": 3959.34
  },
  "V1": {
    "total_orders": 1194,
    "shipped": 1166,
    "delivered": 1075,
    "rto": 88,
    "in_transit": 0,
    "cancelled": 28,
    "lost": 3,
    "revenue": 953475.3800000118,
    "freight": 93000.20999999944
  },
  "Human Book": {
    "total_orders": 216,
    "shipped": 111,
    "delivered": 107,
    "rto": 4,
    "in_transit": 0,
    "cancelled": 105,
    "lost": 0,
    "revenue": 69472.02000000002,
    "freight": 34845.980000000025
  },
  "V4": {
    "total_orders": 227,
    "shipped": 222,
    "delivered": 202,
    "rto": 20,
    "in_transit": 0,
    "cancelled": 5,
    "lost": 0,
    "revenue": 104016.85000000022,
    "freight": 18459.66000000004
  },
  "V3": {
    "total_orders": 242,
    "shipped": 173,
    "delivered": 155,
    "rto": 17,
    "in_transit": 0,
    "cancelled": 69,
    "lost": 1,
    "revenue": 215003.67000000007,
    "freight": 24498.04000000002
  },
  "V2-V4 Combo": {
    "total_orders": 22,
    "shipped": 21,
    "delivered": 19,
    "rto": 2,
    "in_transit": 0,
    "cancelled": 1,
    "lost": 0,
    "revenue": 28561.700000000004,
    "freight": 1647.8999999999999
  },
  "V10": {
    "total_orders": 135,
    "shipped": 112,
    "delivered": 109,
    "rto": 3,
    "in_transit": 0,
    "cancelled": 23,
    "lost": 0,
    "revenue": 172213.02,
    "freight": 20847.320000000014
  },
  "V6-V2 Combo": {
    "total_orders": 22,
    "shipped": 20,
    "delivered": 19,
    "rto": 1,
    "in_transit": 0,
    "cancelled": 2,
    "lost": 0,
    "revenue": 38008.75,
    "freight": 4244.499999999999
  },
  "V7 Police Cruiser": {
    "total_orders": 81,
    "shipped": 49,
    "delivered": 47,
    "rto": 2,
    "in_transit": 0,
    "cancelled": 32,
    "lost": 0,
    "revenue": 72475.34999999999,
    "freight": 7234.19
  },
  "V9 P of 2": {
    "total_orders": 30,
    "shipped": 22,
    "delivered": 20,
    "rto": 2,
    "in_transit": 0,
    "cancelled": 8,
    "lost": 0,
    "revenue": 55980.380000000005,
    "freight": 7007.1100000000015
  },
  "V1-V4 Combo": {
    "total_orders": 80,
    "shipped": 80,
    "delivered": 77,
    "rto": 3,
    "in_transit": 0,
    "cancelled": 0,
    "lost": 0,
    "revenue": 93601.93999999999,
    "freight": 6710.380000000004
  },
  "V4- P of 2": {
    "total_orders": 39,
    "shipped": 34,
    "delivered": 26,
    "rto": 8,
    "in_transit": 0,
    "cancelled": 5,
    "lost": 0,
    "revenue": 23039.039999999997,
    "freight": 4244.44
  },
  "V9-V10 Combo": {
    "total_orders": 41,
    "shipped": 34,
    "delivered": 33,
    "rto": 1,
    "in_transit": 0,
    "cancelled": 7,
    "lost": 0,
    "revenue": 94527.65000000002,
    "freight": 10228.489999999998
  },
  "V6- P of 2": {
    "total_orders": 48,
    "shipped": 48,
    "delivered": 37,
    "rto": 10,
    "in_transit": 0,
    "cancelled": 0,
    "lost": 1,
    "revenue": 70194.0,
    "freight": 7597.789999999997
  },
  "V1-V2 Combo": {
    "total_orders": 24,
    "shipped": 21,
    "delivered": 20,
    "rto": 1,
    "in_transit": 0,
    "cancelled": 3,
    "lost": 0,
    "revenue": 38524.479999999996,
    "freight": 2355.59
  },
  "Busy Book Blue": {
    "total_orders": 83,
    "shipped": 56,
    "delivered": 52,
    "rto": 4,
    "in_transit": 0,
    "cancelled": 27,
    "lost": 0,
    "revenue": 46252.850000000006,
    "freight": 7564.600000000003
  },
  "Krishna": {
    "total_orders": 6,
    "shipped": 4,
    "delivered": 4,
    "rto": 0,
    "in_transit": 0,
    "cancelled": 2,
    "lost": 0,
    "revenue": 2656.2,
    "freight": 199.70000000000002
  },
  "V5": {
    "total_orders": 1,
    "shipped": 1,
    "delivered": 1,
    "rto": 0,
    "in_transit": 0,
    "cancelled": 0,
    "lost": 0,
    "revenue": 50.0,
    "freight": 819.0
  },
  "V4- P of 3": {
    "total_orders": 1,
    "shipped": 1,
    "delivered": 1,
    "rto": 0,
    "in_transit": 0,
    "cancelled": 0,
    "lost": 0,
    "revenue": 1170.23,
    "freight": 283.9
  },
  "V6-V1 Combo": {
    "total_orders": 1,
    "shipped": 1,
    "delivered": 1,
    "rto": 0,
    "in_transit": 0,
    "cancelled": 0,
    "lost": 0,
    "revenue": 500.0,
    "freight": 67.02
  }
}