{
  "V9": {
    "total_orders": 1000,
    "shipped": 970,
    "delivered": 888,
    "rto": 82,
    "in_transit": 0,
    "cancelled": 30,
    "lost": 0,
    "revenue": 1509384.1099999999,
    "freight": 143340.7599999988
  },
  "V2": {
    "total_orders": 1200,
    "shipped": 1180,
    "delivered": 1068,
    "rto": 108,
    "in_transit": 1,
    "cancelled": 20,
    "lost": 3,
    "revenue": 1033446.229999999,
    "freight": 96217.81999999999
  },
  "V1": {
    "total_orders": 1214,
    "shipped": 1195,
    "delivered": 1122,
    "rto": 71,
    "in_transit": 0,
    "cancelled": 19,
    "lost": 2,
    "revenue": 884464.5400000127,
    "freight": 90908.87000000008
  },
  "V6": {
    "total_orders": 1188,
    "shipped": 1164,
    "delivered": 1050,
    "rto": 111,
    "in_transit": 2,
    "cancelled": 24,
    "lost": 1,
    "revenue": 1031623.0899999982,
    "freight": 92662.41999999995
  },
  "Busy Book Blue": {
    "total_orders": 224,
    "shipped": 222,
    "delivered": 212,
    "rto": 10,
    "in_transit": 0,
    "cancelled": 2,
    "lost": 0,
    "revenue": 172011.9500000001,
    "freight": 54001.680000000044
  },
  "V3": {
    "total_orders": 232,
    "shipped": 229,
    "delivered": 212,
    "rto": 17,
    "in_transit": 0,
    "cancelled": 3,
    "lost": 0,
    "revenue": 313480.50000000023,
    "freight": 34465.399999999994
  },
  "V4": {
    "total_orders": 200,
    "shipped": 191,
    "delivered": 182,
    "rto": 8,
    "in_transit": 0,
    "cancelled": 9,
    "lost": 1,
    "revenue": 86889.73000000014,
    "freight": 14761.209999999981
  },
  "V1- P of 2": {
    "total_orders": 31,
    "shipped": 31,
    "delivered": 28,
    "rto": 3,
    "in_transit": 0,
    "cancelled": 0,
    "lost": 0,
    "revenue": 41384.64,
    "freight": 2457.9500000000007
  },
  "V10": {
    "total_orders": 134,
    "shipped": 130,
    "delivered": 124,
    "rto": 6,
    "in_transit": 0,
    "cancelled": 4,
    "lost": 0,
    "revenue": 202160.0300000001,
    "freight": 19683.52
  },
  "V2- P of 2": {
    "total_orders": 22,
    "shipped": 21,
    "delivered": 18,
    "rto": 3,
    "in_transit": 0,
    "cancelled": 1,
    "lost": 0,
    "revenue": 31376.03,
    "freight": 3566.6699999999996
  },
  "V9-V3 Combo": {
    "total_orders": 33,
    "shipped": 33,
    "delivered": 31,
    "rto": 2,
    "in_transit": 0,
    "cancelled": 0,
    "lost": 0,
    "revenue": 86877.43999999997,
    "freight": 8370.509999999998
  },
  "V1-V4 Combo": {
    "total_orders": 33,
    "shipped": 32,
    "delivered": 32,
    "rto": 0,
    "in_transit": 0,
    "cancelled": 1,
    "lost": 0,
    "revenue": 39296.61,
    "freight": 2392.2200000000007
  },
  "V6-V2 Combo": {
    "total_orders": 10,
    "shipped": 10,
    "delivered": 10,
    "rto": 0,
    "in_transit": 0,
    "cancelled": 0,
    "lost": 0,
    "revenue": 20435.3,
    "freight": 1462.25
  },
  "Tank": {
    "total_orders": 1,
    "shipped": 0,
    "delivered": 0,
    "rto": 0,
    "in_transit": 0,
    "cancelled": 1,
    "lost": 0,
    "revenue": 0.0,
    "freight": 0.0
  },
  "V9-V2 Combo": {
    "total_orders": 23,
    "shipped": 23,
    "delivered": 21,
    "rto": 1,
    "in_transit": 1,
    "cancelled": 0,
    "lost": 0,
    "revenue": 51956.71999999999,
    "freight": 5077.19
  },
  "V9-V10 Combo": {
    "total_orders": 44,
    "shipped": 44,
    "delivered": 42,
    "rto": 2,
    "in_transit": 0,
    "cancelled": 0,
    "lost": 0,
    "revenue": 116932.02999999988,
    "freight": 10754.570000000005
  },
  "V4- P of 2": {
    "total_orders": 29,
    "shipped": 29,
    "delivered": 25,
    "rto": 4,
    "in_transit": 0,
    "cancelled": 0,
    "lost": 0,
    "revenue": 20785.199999999997,
    "freight": 4005.740000000001
  },
  "Car": {
    "total_orders": 4,
    "shipped": 0,
    "delivered": 0,
    "rto": 0,
    "in_transit": 0,
    "cancelled": 4,
    "lost": 0,
    "revenue": 0.0,
    "freight": 0.0
  },
  "Busy Book Pink": {
    "total_orders": 156,
    "shipped": 135,
    "delivered": 123,
    "rto": 11,
    "in_transit": 1,
    "cancelled": 21,
    "lost": 0,
    "revenue": 100306.70000000008,
    "freight": 33386.19999999994
  },
  "V1-V2 Combo": {
    "total_orders": 19,
    "shipped": 19,
    "delivered": 19,
    "rto": 0,
    "in_transit": 0,
    "cancelled": 0,
    "lost": 0,
    "revenue": 36568.31,
    "freight": 2819.4600000000005
  },
  "V9 P of 2": {
    "total_orders": 28,
    "shipped": 28,
    "delivered": 26,
    "rto": 1,
    "in_transit": 1,
    "cancelled": 0,
    "lost": 0,
    "revenue": 65721.1,
    "freight": 7312.1699999999955
  },
  "V6- P of 2": {
    "total_orders": 22,
    "shipped": 22,
    "delivered": 18,
    "rto": 4,
    "in_transit": 0,
    "cancelled": 0,
    "lost": 0,
    "revenue": 32442.1,
    "freight": 1620.7500000000007
  },
  "V4- P of 3": {
    "total_orders": 1,
    "shipped": 1,
    "delivered": 1,
    "rto": 0,
    "in_transit": 0,
    "cancelled": 0,
    "lost": 0,
    "revenue": 1049.34,
    "freight": 141.04
  },
  "V6-V1 Combo": {
    "total_orders": 4,
    "shipped": 4,
    "delivered": 4,
    "rto": 0,
    "in_transit": 0,
    "cancelled": 0,
    "lost": 0,
    "revenue": 7083.3099999999995,
    "freight": 574.15
  },
  "V2-V4 Combo": {
    "total_orders": 9,
    "shipped": 9,
    "delivered": 9,
    "rto": 0,
    "in_transit": 0,
    "cancelled": 0,
    "lost": 0,
    "revenue": 12201.59,
    "freight": 1271.72
  },
  "Krishna": {
    "total_orders": 3,
    "shipped": 0,
    "delivered": 0,
    "rto": 0,
    "in_transit": 0,
    "cancelled": 3,
    "lost": 0,
    "revenue": 0.0,
    "freight": 0.0
  }
}