{
  "V6": 138320.5876666642,
  "V9": 98062.79333333287,
  "Busy Book Blue": 29367.5893333333,
  "Krishna": 25857.093333333374,
  "V2": 75922.12599999912,
  "V4": 14797.99600000002,
  "V6-V1 Combo": 13099.556666666695,
  "V9-V10 Combo": 5007.438333333336,
  "V1": 24828.47933333344,
  "Busy Book Pink": 1480.5600000000002,
  "Ganesha": 52917.458333333256,
  "Car": 20724.07666666668,
  "V9-V3 Combo": 1933.8333333333328,
  "V10": 6697.7666666666655,
  "Hanuman": 2016.1700000000008,
  "V3": 17701.751666666645,
  "V9-V2 Combo": 3508.9650000000006,
  "V2- P of 2": 1038.6000000000004,
  "Tank": 50556.529999999846,
  "V6-V2 Combo": 800.1933333333333,
  "V6- P of 2": 1920.7600000000007,
  "V1-V4 Combo": 780.9900000000001,
  "V9 P of 2": 1343.2850000000003,
  "V1- P of 2": 399.51,
  "V4- P of 2": 798.9700000000003,
  "V1-V2 Combo": 352.44,
  "Human Book": 305.09,
  "V2-V4 Combo": 396.18,
  "JCB": 0.0,
  "V4- P of 3": 86.8
}