{
  "V6": {
    "total_orders": 1736,
    "shipped": 1717,
    "delivered": 1454,
    "rto": 227,
    "in_transit": 36,
    "cancelled": 19,
    "lost": 0,
    "revenue": 1415950.4800000186,
    "freight": 148799.5199999981
  },
  "V9": {
    "total_orders": 748,
    "shipped": 742,
    "delivered": 677,
    "rto": 55,
    "in_transit": 10,
    "cancelled": 6,
    "lost": 0,
    "revenue": 1229356.5300000007,
    "freight": 116405.71999999923
  },
  "Busy Book Blue": {
    "total_orders": 307,
    "shipped": 299,
    "delivered": 292,
    "rto": 5,
    "in_transit": 2,
    "cancelled": 8,
    "lost": 0,
    "revenue": 233109.19000000006,
    "freight": 67215.17999999998
  },
  "Krishna": {
    "total_orders": 323,
    "shipped": 231,
    "delivered": 108,
    "rto": 81,
    "in_transit": 42,
    "cancelled": 92,
    "lost": 0,
    "revenue": 100287.25000000003,
    "freight": 26648.05000000004
  },
  "V2": {
    "total_orders": 970,
    "shipped": 963,
    "delivered": 855,
    "rto": 98,
    "in_transit": 10,
    "cancelled": 7,
    "lost": 0,
    "revenue": 827033.1600000048,
    "freight": 84192.43999999895
  },
  "V4": {
    "total_orders": 179,
    "shipped": 176,
    "delivered": 159,
    "rto": 17,
    "in_transit": 0,
    "cancelled": 3,
    "lost": 0,
    "revenue": 76960.1100000001,
    "freight": 19867.610000000033
  },
  "V6-V1 Combo": {
    "total_orders": 179,
    "shipped": 178,
    "delivered": 169,
    "rto": 8,
    "in_transit": 1,
    "cancelled": 1,
    "lost": 0,
    "revenue": 210939.33999999994,
    "freight": 17030.230000000032
  },
  "V9-V10 Combo": {
    "total_orders": 39,
    "shipped": 37,
    "delivered": 37,
    "rto": 0,
    "in_transit": 0,
    "cancelled": 2,
    "lost": 0,
    "revenue": 103397.06999999992,
    "freight": 8329.000000000005
  },
  "V1": {
    "total_orders": 352,
    "shipped": 349,
    "delivered": 330,
    "rto": 16,
    "in_transit": 3,
    "cancelled": 3,
    "lost": 0,
    "revenue": 283647.729999999,
    "freight": 29550.340000000113
  },
  "Busy Book Pink": {
    "total_orders": 14,
    "shipped": 14,
    "delivered": 12,
    "rto": 2,
    "in_transit": 0,
    "cancelled": 0,
    "lost": 0,
    "revenue": 10039.46,
    "freight": 1987.03
  },
  "Ganesha": {
    "total_orders": 633,
    "shipped": 492,
    "delivered": 247,
    "rto": 152,
    "in_transit": 92,
    "cancelled": 141,
    "lost": 1,
    "revenue": 221079.83,
    "freight": 52428.65999999995
  },
  "Car": {
    "total_orders": 233,
    "shipped": 152,
    "delivered": 108,
    "rto": 36,
    "in_transit": 8,
    "cancelled": 81,
    "lost": 0,
    "revenue": 136906.16999999998,
    "freight": 19535.38
  },
  "V9-V3 Combo": {
    "total_orders": 19,
    "shipped": 19,
    "delivered": 19,
    "rto": 0,
    "in_transit": 0,
    "cancelled": 0,
    "lost": 0,
    "revenue": 53988.56,
    "freight": 4216.7
  },
  "V10": {
    "total_orders": 71,
    "shipped": 69,
    "delivered": 65,
    "rto": 3,
    "in_transit": 1,
    "cancelled": 2,
    "lost": 0,
    "revenue": 111900.20999999998,
    "freight": 14249.12
  },
  "Hanuman": {
    "total_orders": 18,
    "shipped": 17,
    "delivered": 10,
    "rto": 4,
    "in_transit": 3,
    "cancelled": 1,
    "lost": 0,
    "revenue": 8056.920000000001,
    "freight": 2647.3
  },
  "V3": {
    "total_orders": 170,
    "shipped": 166,
    "delivered": 157,
    "rto": 7,
    "in_transit": 2,
    "cancelled": 4,
    "lost": 0,
    "revenue": 225651.12000000005,
    "freight": 31488.960000000025
  },
  "V9-V2 Combo": {
    "total_orders": 21,
    "shipped": 21,
    "delivered": 20,
    "rto": 0,
    "in_transit": 1,
    "cancelled": 0,
    "lost": 0,
    "revenue": 54104.28999999999,
    "freight": 4480.8
  },
  "V2- P of 2": {
    "total_orders": 13,
    "shipped": 13,
    "delivered": 12,
    "rto": 1,
    "in_transit": 0,
    "cancelled": 0,
    "lost": 0,
    "revenue": 22208.510000000002,
    "freight": 1138.0000000000002
  },
  "Tank": {
    "total_orders": 406,
    "shipped": 321,
    "delivered": 252,
    "rto": 53,
    "in_transit": 16,
    "cancelled": 85,
    "lost": 0,
    "revenue": 374723.57,
    "freight": 49006.429999999884
  },
  "V6-V2 Combo": {
    "total_orders": 6,
    "shipped": 6,
    "delivered": 6,
    "rto": 0,
    "in_transit": 0,
    "cancelled": 0,
    "lost": 0,
    "revenue": 12296.53,
    "freight": 784.8199999999999
  },
  "V6- P of 2": {
    "total_orders": 23,
    "shipped": 23,
    "delivered": 22,
    "rto": 0,
    "in_transit": 1,
    "cancelled": 0,
    "lost": 0,
    "revenue": 42596.46,
    "freight": 2003.3600000000006
  },
  "V1-V4 Combo": {
    "total_orders": 10,
    "shipped": 9,
    "delivered": 7,
    "rto": 2,
    "in_transit": 0,
    "cancelled": 1,
    "lost": 0,
    "revenue": 8843.0,
    "freight": 780.9900000000001
  },
  "V9 P of 2": {
    "total_orders": 19,
    "shipped": 19,
    "delivered": 18,
    "rto": 1,
    "in_transit": 0,
    "cancelled": 0,
    "lost": 0,
    "revenue": 51102.56,
    "freight": 2810.62
  },
  "V1- P of 2": {
    "total_orders": 6,
    "shipped": 6,
    "delivered": 6,
    "rto": 0,
    "in_transit": 0,
    "cancelled": 0,
    "lost": 0,
    "revenue": 9257.98,
    "freight": 474.06
  },
  "V4- P of 2": {
    "total_orders": 10,
    "shipped": 10,
    "delivered": 10,
    "rto": 0,
    "in_transit": 0,
    "cancelled": 0,
    "lost": 0,
    "revenue": 8566.8,
    "freight": 1035.3500000000001
  },
  "V2-V4 Combo": {
    "total_orders": 4,
    "shipped": 4,
    "delivered": 4,
    "rto": 0,
    "in_transit": 0,
    "cancelled": 0,
    "lost": 0,
    "revenue": 6296.0,
    "freight": 272.76
  },
  "JCB": {
    "total_orders": 17,
    "shipped": 4,
    "delivered": 0,
    "rto": 0,
    "in_transit": 4,
    "cancelled": 13,
    "lost": 0,
    "revenue": 0.0,
    "freight": 0.0
  },
  "V1-V2 Combo": {
    "total_orders": 4,
    "shipped": 4,
    "delivered": 4,
    "rto": 0,
    "in_transit": 0,
    "cancelled": 0,
    "lost": 0,
    "revenue": 7887.9400000000005,
    "freight": 539.12
  },
  "V4- P of 3": {
    "total_orders": 1,
    "shipped": 1,
    "delivered": 1,
    "rto": 0,
    "in_transit": 0,
    "cancelled": 0,
    "lost": 0,
    "revenue": 1127.03,
    "freight": 347.2
  },
  "Human Book": {
    "total_orders": 4,
    "shipped": 2,
    "delivered": 2,
    "rto": 0,
    "in_transit": 0,
    "cancelled": 2,
    "lost": 0,
    "revenue": 1479.22,
    "freight": 164.54000000000002
  }
}