{
  "V1": {
    "total_orders": 596,
    "shipped": 591,
    "delivered": 539,
    "rto": 51,
    "in_transit": 1,
    "cancelled": 5,
    "lost": 0,
    "revenue": 466474.5299999976,
    "freight": 48169.04999999959
  },
  "Ganesha": {
    "total_orders": 82,
    "shipped": 46,
    "delivered": 36,
    "rto": 10,
    "in_transit": 0,
    "cancelled": 36,
    "lost": 0,
    "revenue": 31342.999999999996,
    "freight": 4757.990000000001
  },
  "V9": {
    "total_orders": 838,
    "shipped": 824,
    "delivered": 750,
    "rto": 74,
    "in_transit": 0,
    "cancelled": 14,
    "lost": 0,
    "revenue": 1364146.9000000006,
    "freight": 123242.64999999835
  },
  "V6": {
    "total_orders": 939,
    "shipped": 926,
    "delivered": 825,
    "rto": 100,
    "in_transit": 1,
    "cancelled": 13,
    "lost": 0,
    "revenue": 795139.8300000046,
    "freight": 76534.69999999962
  },
  "Tank": {
    "total_orders": 350,
    "shipped": 283,
    "delivered": 212,
    "rto": 69,
    "in_transit": 2,
    "cancelled": 67,
    "lost": 0,
    "revenue": 325078.74000000005,
    "freight": 35166.49999999999
  },
  "V2": {
    "total_orders": 1560,
    "shipped": 1537,
    "delivered": 1319,
    "rto": 213,
    "in_transit": 4,
    "cancelled": 23,
    "lost": 1,
    "revenue": 1275459.5600000161,
    "freight": 129901.55000000066
  },
  "V3": {
    "total_orders": 274,
    "shipped": 272,
    "delivered": 248,
    "rto": 24,
    "in_transit": 0,
    "cancelled": 2,
    "lost": 0,
    "revenue": 362433.4500000001,
    "freight": 38677.71999999993
  },
  "Busy Book Pink": {
    "total_orders": 25,
    "shipped": 25,
    "delivered": 22,
    "rto": 3,
    "in_transit": 0,
    "cancelled": 0,
    "lost": 0,
    "revenue": 20662.33,
    "freight": 4308.409999999999
  },
  "V6-V1 Combo": {
    "total_orders": 235,
    "shipped": 233,
    "delivered": 219,
    "rto": 13,
    "in_transit": 1,
    "cancelled": 2,
    "lost": 0,
    "revenue": 270066.47,
    "freight": 19231.010000000024
  },
  "Car": {
    "total_orders": 113,
    "shipped": 81,
    "delivered": 50,
    "rto": 31,
    "in_transit": 0,
    "cancelled": 32,
    "lost": 0,
    "revenue": 68117.35,
    "freight": 12001.350000000004
  },
  "V4": {
    "total_orders": 158,
    "shipped": 156,
    "delivered": 144,
    "rto": 12,
    "in_transit": 0,
    "cancelled": 2,
    "lost": 0,
    "revenue": 68086.3900000001,
    "freight": 12661.990000000025
  },
  "JCB": {
    "total_orders": 2,
    "shipped": 0,
    "delivered": 0,
    "rto": 0,
    "in_transit": 0,
    "cancelled": 2,
    "lost": 0,
    "revenue": 0.0,
    "freight": 0.0
  },
  "V9-V2 Combo": {
    "total_orders": 51,
    "shipped": 51,
    "delivered": 49,
    "rto": 2,
    "in_transit": 0,
    "cancelled": 0,
    "lost": 0,
    "revenue": 128700.87000000001,
    "freight": 9836.080000000005
  },
  "V1- P of 2": {
    "total_orders": 7,
    "shipped": 7,
    "delivered": 6,
    "rto": 1,
    "in_transit": 0,
    "cancelled": 0,
    "lost": 0,
    "revenue": 9176.86,
    "freight": 1783.2100000000003
  },
  "Busy Book Blue": {
    "total_orders": 352,
    "shipped": 349,
    "delivered": 339,
    "rto": 10,
    "in_transit": 0,
    "cancelled": 3,
    "lost": 0,
    "revenue": 275747.74999999994,
    "freight": 81765.43999999994
  },
  "V4- P of 2": {
    "total_orders": 28,
    "shipped": 28,
    "delivered": 27,
    "rto": 1,
    "in_transit": 0,
    "cancelled": 0,
    "lost": 0,
    "revenue": 22252.789999999997,
    "freight": 4379.800000000001
  },
  "V9-V10 Combo": {
    "total_orders": 61,
    "shipped": 60,
    "delivered": 58,
    "rto": 2,
    "in_transit": 0,
    "cancelled": 1,
    "lost": 0,
    "revenue": 160284.8399999999,
    "freight": 14192.439999999997
  },
  "V9 P of 2": {
    "total_orders": 13,
    "shipped": 13,
    "delivered": 13,
    "rto": 0,
    "in_transit": 0,
    "cancelled": 0,
    "lost": 0,
    "revenue": 36152.090000000004,
    "freight": 3214.1399999999994
  },
  "Krishna": {
    "total_orders": 32,
    "shipped": 8,
    "delivered": 7,
    "rto": 1,
    "in_transit": 0,
    "cancelled": 24,
    "lost": 0,
    "revenue": 6113.2,
    "freight": 650.4100000000001
  },
  "V10": {
    "total_orders": 110,
    "shipped": 107,
    "delivered": 100,
    "rto": 6,
    "in_transit": 1,
    "cancelled": 3,
    "lost": 0,
    "revenue": 169928.61999999997,
    "freight": 16330.47000000001
  },
  "V1-V2 Combo": {
    "total_orders": 21,
    "shipped": 21,
    "delivered": 21,
    "rto": 0,
    "in_transit": 0,
    "cancelled": 0,
    "lost": 0,
    "revenue": 42094.8,
    "freight": 2462.8700000000003
  },
  "V6-V2 Combo": {
    "total_orders": 11,
    "shipped": 11,
    "delivered": 11,
    "rto": 0,
    "in_transit": 0,
    "cancelled": 0,
    "lost": 0,
    "revenue": 22483.43,
    "freight": 1822.1799999999998
  },
  "V9-V3 Combo": {
    "total_orders": 45,
    "shipped": 44,
    "delivered": 44,
    "rto": 0,
    "in_transit": 0,
    "cancelled": 1,
    "lost": 0,
    "revenue": 123139.24999999996,
    "freight": 9425.660000000005
  },
  "V6- P of 2": {
    "total_orders": 13,
    "shipped": 13,
    "delivered": 11,
    "rto": 2,
    "in_transit": 0,
    "cancelled": 0,
    "lost": 0,
    "revenue": 19680.86,
    "freight": 2277.49
  },
  "V2- P of 2": {
    "total_orders": 15,
    "shipped": 15,
    "delivered": 14,
    "rto": 1,
    "in_transit": 0,
    "cancelled": 0,
    "lost": 0,
    "revenue": 25195.73,
    "freight": 3561.6199999999994
  },
  "V2-V4 Combo": {
    "total_orders": 9,
    "shipped": 9,
    "delivered": 9,
    "rto": 0,
    "in_transit": 0,
    "cancelled": 0,
    "lost": 0,
    "revenue": 13118.82,
    "freight": 1170.52
  },
  "Human Book": {
    "total_orders": 1,
    "shipped": 1,
    "delivered": 1,
    "rto": 0,
    "in_transit": 0,
    "cancelled": 0,
    "lost": 0,
    "revenue": 799.0,
    "freight": 345.11
  },
  "V1-V4 Combo": {
    "total_orders": 18,
    "shipped": 18,
    "delivered": 17,
    "rto": 1,
    "in_transit": 0,
    "cancelled": 0,
    "lost": 0,
    "revenue": 20528.550000000003,
    "freight": 2210.7799999999997
  }
}