{
  "V6": {
    "total_orders": 769,
    "shipped": 763,
    "delivered": 664,
    "rto": 98,
    "in_transit": 1,
    "cancelled": 6,
    "lost": 0,
    "revenue": 785180.6499999996,
    "freight": 61055.01999999932
  },
  "V9": {
    "total_orders": 676,
    "shipped": 671,
    "delivered": 632,
    "rto": 39,
    "in_transit": 0,
    "cancelled": 5,
    "lost": 0,
    "revenue": 1096895.5900000003,
    "freight": 89442.98999999915
  },
  "V1": {
    "total_orders": 1745,
    "shipped": 1734,
    "delivered": 1686,
    "rto": 48,
    "in_transit": 0,
    "cancelled": 11,
    "lost": 0,
    "revenue": 982360.9400000006,
    "freight": 104257.10000000126
  },
  "V2": {
    "total_orders": 994,
    "shipped": 986,
    "delivered": 886,
    "rto": 100,
    "in_transit": 0,
    "cancelled": 8,
    "lost": 0,
    "revenue": 1039859.9400000002,
    "freight": 75783.33999999943
  },
  "V10": {
    "total_orders": 65,
    "shipped": 63,
    "delivered": 59,
    "rto": 4,
    "in_transit": 0,
    "cancelled": 2,
    "lost": 0,
    "revenue": 103245.76000000002,
    "freight": 8690.650000000007
  },
  "V4": {
    "total_orders": 131,
    "shipped": 125,
    "delivered": 118,
    "rto": 6,
    "in_transit": 0,
    "cancelled": 6,
    "lost": 1,
    "revenue": 67037.69000000009,
    "freight": 10571.060000000021
  },
  "Busy Book Blue": {
    "total_orders": 8,
    "shipped": 8,
    "delivered": 8,
    "rto": 0,
    "in_transit": 0,
    "cancelled": 0,
    "lost": 0,
    "revenue": 7210.75,
    "freight": 1268.08
  },
  "V7 Police Cruiser": {
    "total_orders": 266,
    "shipped": 261,
    "delivered": 252,
    "rto": 8,
    "in_transit": 0,
    "cancelled": 5,
    "lost": 1,
    "revenue": 375619.5299999999,
    "freight": 28804.65000000008
  },
  "Busy Book Pink": {
    "total_orders": 81,
    "shipped": 80,
    "delivered": 74,
    "rto": 6,
    "in_transit": 0,
    "cancelled": 1,
    "lost": 0,
    "revenue": 65961.43999999999,
    "freight": 15321.26000000001
  },
  "V1-V4 Combo": {
    "total_orders": 75,
    "shipped": 74,
    "delivered": 66,
    "rto": 8,
    "in_transit": 0,
    "cancelled": 1,
    "lost": 0,
    "revenue": 80760.62,
    "freight": 6253.710000000006
  },
  "Human Book": {
    "total_orders": 213,
    "shipped": 212,
    "delivered": 206,
    "rto": 6,
    "in_transit": 0,
    "cancelled": 1,
    "lost": 0,
    "revenue": 146654.70000000016,
    "freight": 48022.479999999996
  },
  "V9-V10 Combo": {
    "total_orders": 54,
    "shipped": 54,
    "delivered": 53,
    "rto": 1,
    "in_transit": 0,
    "cancelled": 0,
    "lost": 0,
    "revenue": 153524.66999999998,
    "freight": 11305.050000000014
  },
  "V3": {
    "total_orders": 216,
    "shipped": 209,
    "delivered": 198,
    "rto": 11,
    "in_transit": 0,
    "cancelled": 7,
    "lost": 0,
    "revenue": 270648.81999999995,
    "freight": 28089.190000000024
  },
  "V9-V3 Combo": {
    "total_orders": 45,
    "shipped": 44,
    "delivered": 43,
    "rto": 1,
    "in_transit": 0,
    "cancelled": 1,
    "lost": 0,
    "revenue": 125316.69999999998,
    "freight": 8294.320000000005
  },
  "V4- P of 2": {
    "total_orders": 13,
    "shipped": 13,
    "delivered": 12,
    "rto": 1,
    "in_transit": 0,
    "cancelled": 0,
    "lost": 0,
    "revenue": 10547.63,
    "freight": 1430.77
  },
  "V1- P of 2": {
    "total_orders": 54,
    "shipped": 54,
    "delivered": 51,
    "rto": 3,
    "in_transit": 0,
    "cancelled": 0,
    "lost": 0,
    "revenue": 72563.57,
    "freight": 4363.880000000001
  },
  "V1-V2 Combo": {
    "total_orders": 25,
    "shipped": 25,
    "delivered": 24,
    "rto": 1,
    "in_transit": 0,
    "cancelled": 0,
    "lost": 0,
    "revenue": 46484.130000000005,
    "freight": 2022.9199999999998
  },
  "V6- P of 2": {
    "total_orders": 16,
    "shipped": 15,
    "delivered": 15,
    "rto": 0,
    "in_transit": 0,
    "cancelled": 1,
    "lost": 0,
    "revenue": 31752.9,
    "freight": 1921.14
  },
  "V6-V2 Combo": {
    "total_orders": 19,
    "shipped": 18,
    "delivered": 18,
    "rto": 0,
    "in_transit": 0,
    "cancelled": 1,
    "lost": 0,
    "revenue": 35495.91,
    "freight": 2394.0199999999995
  },
  "V9 P of 2": {
    "total_orders": 14,
    "shipped": 14,
    "delivered": 13,
    "rto": 1,
    "in_transit": 0,
    "cancelled": 0,
    "lost": 0,
    "revenue": 36546.18999999999,
    "freight": 2719.8100000000004
  },
  "V2-V4 Combo": {
    "total_orders": 14,
    "shipped": 14,
    "delivered": 14,
    "rto": 0,
    "in_transit": 0,
    "cancelled": 0,
    "lost": 0,
    "revenue": 21095.32,
    "freight": 1012.42
  },
  "V2- P of 2": {
    "total_orders": 29,
    "shipped": 29,
    "delivered": 28,
    "rto": 1,
    "in_transit": 0,
    "cancelled": 0,
    "lost": 0,
    "revenue": 64127.39,
    "freight": 3323.499999999999
  },
  "V8": {
    "total_orders": 2,
    "shipped": 2,
    "delivered": 2,
    "rto": 0,
    "in_transit": 0,
    "cancelled": 0,
    "lost": 0,
    "revenue": 3998.0,
    "freight": 100.30000000000001
  }
}