{
  "V1": {
    "total_orders": 1136,
    "shipped": 1130,
    "delivered": 1099,
    "rto": 30,
    "in_transit": 0,
    "cancelled": 6,
    "lost": 1,
    "revenue": 642301.6300000002,
    "freight": 66140.77999999921
  },
  "V7 Police Cruiser": {
    "total_orders": 160,
    "shipped": 155,
    "delivered": 151,
    "rto": 4,
    "in_transit": 0,
    "cancelled": 5,
    "lost": 0,
    "revenue": 207675.44000000003,
    "freight": 14526.580000000014
  },
  "V9": {
    "total_orders": 798,
    "shipped": 782,
    "delivered": 736,
    "rto": 46,
    "in_transit": 0,
    "cancelled": 16,
    "lost": 0,
    "revenue": 1359567.8199999987,
    "freight": 101994.30999999988
  },
  "V1-V4 Combo": {
    "total_orders": 68,
    "shipped": 68,
    "delivered": 64,
    "rto": 4,
    "in_transit": 0,
    "cancelled": 0,
    "lost": 0,
    "revenue": 76710.98999999998,
    "freight": 4346.740000000001
  },
  "V2": {
    "total_orders": 330,
    "shipped": 324,
    "delivered": 301,
    "rto": 23,
    "in_transit": 0,
    "cancelled": 6,
    "lost": 0,
    "revenue": 355105.8399999998,
    "freight": 24490.479999999996
  },
  "V3": {
    "total_orders": 411,
    "shipped": 393,
    "delivered": 361,
    "rto": 32,
    "in_transit": 0,
    "cancelled": 18,
    "lost": 0,
    "revenue": 504553.48000000085,
    "freight": 36768.75999999991
  },
  "V4": {
    "total_orders": 121,
    "shipped": 119,
    "delivered": 110,
    "rto": 9,
    "in_transit": 0,
    "cancelled": 2,
    "lost": 0,
    "revenue": 69723.07000000005,
    "freight": 10089.580000000016
  },
  "V6-V2 Combo": {
    "total_orders": 29,
    "shipped": 27,
    "delivered": 24,
    "rto": 3,
    "in_transit": 0,
    "cancelled": 2,
    "lost": 0,
    "revenue": 48228.10999999999,
    "freight": 4168.66
  },
  "V9-V3 Combo": {
    "total_orders": 88,
    "shipped": 85,
    "delivered": 82,
    "rto": 2,
    "in_transit": 0,
    "cancelled": 3,
    "lost": 1,
    "revenue": 218263.50999999998,
    "freight": 13049.99000000001
  },
  "V2- P of 2": {
    "total_orders": 5,
    "shipped": 4,
    "delivered": 4,
    "rto": 0,
    "in_transit": 0,
    "cancelled": 1,
    "lost": 0,
    "revenue": 8965.27,
    "freight": 506.61000000000007
  },
  "V1-V2 Combo": {
    "total_orders": 19,
    "shipped": 18,
    "delivered": 16,
    "rto": 2,
    "in_transit": 0,
    "cancelled": 1,
    "lost": 0,
    "revenue": 29111.999999999996,
    "freight": 2427.6599999999994
  },
  "V6": {
    "total_orders": 159,
    "shipped": 156,
    "delivered": 145,
    "rto": 11,
    "in_transit": 0,
    "cancelled": 3,
    "lost": 0,
    "revenue": 170535.5200000001,
    "freight": 11527.490000000027
  },
  "Human Book": {
    "total_orders": 76,
    "shipped": 67,
    "delivered": 67,
    "rto": 0,
    "in_transit": 0,
    "cancelled": 9,
    "lost": 0,
    "revenue": 49441.709999999985,
    "freight": 12881.910000000007
  },
  "V9-V10 Combo": {
    "total_orders": 48,
    "shipped": 47,
    "delivered": 45,
    "rto": 2,
    "in_transit": 0,
    "cancelled": 1,
    "lost": 0,
    "revenue": 117820.59999999999,
    "freight": 6258.810000000005
  },
  "V10": {
    "total_orders": 398,
    "shipped": 378,
    "delivered": 345,
    "rto": 32,
    "in_transit": 0,
    "cancelled": 20,
    "lost": 1,
    "revenue": 638741.93,
    "freight": 37505.069999999985
  },
  "Busy Book Pink": {
    "total_orders": 78,
    "shipped": 39,
    "delivered": 39,
    "rto": 0,
    "in_transit": 0,
    "cancelled": 39,
    "lost": 0,
    "revenue": 34020.17,
    "freight": 8058.530000000002
  },
  "V9 P of 2": {
    "total_orders": 14,
    "shipped": 12,
    "delivered": 12,
    "rto": 0,
    "in_transit": 0,
    "cancelled": 2,
    "lost": 0,
    "revenue": 37231.83,
    "freight": 2354.73
  },
  "V6- P of 2": {
    "total_orders": 5,
    "shipped": 5,
    "delivered": 4,
    "rto": 1,
    "in_transit": 0,
    "cancelled": 0,
    "lost": 0,
    "revenue": 8766.1,
    "freight": 662.24
  },
  "V1- P of 2": {
    "total_orders": 16,
    "shipped": 16,
    "delivered": 16,
    "rto": 0,
    "in_transit": 0,
    "cancelled": 0,
    "lost": 0,
    "revenue": 23546.69,
    "freight": 959.3399999999998
  },
  "V2-V4 Combo": {
    "total_orders": 7,
    "shipped": 6,
    "delivered": 6,
    "rto": 0,
    "in_transit": 0,
    "cancelled": 1,
    "lost": 0,
    "revenue": 9084.1,
    "freight": 443.65999999999997
  },
  "V4- P of 2": {
    "total_orders": 36,
    "shipped": 34,
    "delivered": 33,
    "rto": 1,
    "in_transit": 0,
    "cancelled": 2,
    "lost": 0,
    "revenue": 30134.01,
    "freight": 3545.8199999999997
  },
  "Busy Book Blue": {
    "total_orders": 1,
    "shipped": 1,
    "delivered": 1,
    "rto": 0,
    "in_transit": 0,
    "cancelled": 0,
    "lost": 0,
    "revenue": 899.0,
    "freight": 80.24
  }
}