{
  "V6": {
    "total_orders": 1364,
    "shipped": 1338,
    "delivered": 1184,
    "rto": 152,
    "in_transit": 0,
    "cancelled": 26,
    "lost": 2,
    "revenue": 1252457.09,
    "freight": 110569.31000000065
  },
  "V2": {
    "total_orders": 1252,
    "shipped": 1235,
    "delivered": 1128,
    "rto": 106,
    "in_transit": 0,
    "cancelled": 17,
    "lost": 1,
    "revenue": 1197715.3000000007,
    "freight": 102929.55000000044
  },
  "V1": {
    "total_orders": 1608,
    "shipped": 1593,
    "delivered": 1485,
    "rto": 106,
    "in_transit": 1,
    "cancelled": 15,
    "lost": 1,
    "revenue": 1269038.3600000206,
    "freight": 122752.450000001
  },
  "V9": {
    "total_orders": 947,
    "shipped": 899,
    "delivered": 828,
    "rto": 69,
    "in_transit": 1,
    "cancelled": 48,
    "lost": 1,
    "revenue": 1447017.580000003,
    "freight": 137472.46999999895
  },
  "V3": {
    "total_orders": 226,
    "shipped": 219,
    "delivered": 200,
    "rto": 18,
    "in_transit": 1,
    "cancelled": 7,
    "lost": 0,
    "revenue": 290315.56,
    "freight": 40287.78999999998
  },
  "Busy Book Pink": {
    "total_orders": 254,
    "shipped": 237,
    "delivered": 224,
    "rto": 12,
    "in_transit": 1,
    "cancelled": 17,
    "lost": 0,
    "revenue": 183897.96000000008,
    "freight": 61531.10999999993
  },
  "V10": {
    "total_orders": 65,
    "shipped": 60,
    "delivered": 58,
    "rto": 2,
    "in_transit": 0,
    "cancelled": 5,
    "lost": 0,
    "revenue": 97406.06000000001,
    "freight": 10029.919999999996
  },
  "V4": {
    "total_orders": 270,
    "shipped": 262,
    "delivered": 243,
    "rto": 18,
    "in_transit": 1,
    "cancelled": 8,
    "lost": 0,
    "revenue": 118624.12000000027,
    "freight": 21379.92000000001
  },
  "V2-V4 Combo": {
    "total_orders": 17,
    "shipped": 17,
    "delivered": 17,
    "rto": 0,
    "in_transit": 0,
    "cancelled": 0,
    "lost": 0,
    "revenue": 25304.719999999998,
    "freight": 2864.5600000000004
  },
  "V9 P of 2": {
    "total_orders": 28,
    "shipped": 25,
    "delivered": 25,
    "rto": 0,
    "in_transit": 0,
    "cancelled": 3,
    "lost": 0,
    "revenue": 65297.74999999999,
    "freight": 6770.779999999997
  },
  "V4- P of 2": {
    "total_orders": 26,
    "shipped": 25,
    "delivered": 23,
    "rto": 2,
    "in_transit": 0,
    "cancelled": 1,
    "lost": 0,
    "revenue": 20969.46,
    "freight": 5249.470000000001
  },
  "V1-V4 Combo": {
    "total_orders": 64,
    "shipped": 64,
    "delivered": 63,
    "rto": 1,
    "in_transit": 0,
    "cancelled": 0,
    "lost": 0,
    "revenue": 76537.95,
    "freight": 6410.000000000002
  },
  "V9-V10 Combo": {
    "total_orders": 20,
    "shipped": 17,
    "delivered": 17,
    "rto": 0,
    "in_transit": 0,
    "cancelled": 3,
    "lost": 0,
    "revenue": 50649.88,
    "freight": 4759.86
  },
  "V9-V3 Combo": {
    "total_orders": 43,
    "shipped": 41,
    "delivered": 39,
    "rto": 2,
    "in_transit": 0,
    "cancelled": 2,
    "lost": 0,
    "revenue": 110191.17999999996,
    "freight": 9525.759999999998
  },
  "V1-V2 Combo": {
    "total_orders": 42,
    "shipped": 41,
    "delivered": 38,
    "rto": 3,
    "in_transit": 0,
    "cancelled": 1,
    "lost": 0,
    "revenue": 76561.61,
    "freight": 5004.980000000001
  },
  "V6- P of 2": {
    "total_orders": 25,
    "shipped": 25,
    "delivered": 23,
    "rto": 2,
    "in_transit": 0,
    "cancelled": 0,
    "lost": 0,
    "revenue": 46422.89,
    "freight": 3165.9900000000007
  },
  "V2- P of 2": {
    "total_orders": 21,
    "shipped": 20,
    "delivered": 20,
    "rto": 0,
    "in_transit": 0,
    "cancelled": 1,
    "lost": 0,
    "revenue": 40108.74,
    "freight": 2460.5900000000006
  },
  "Krishna": {
    "total_orders": 10,
    "shipped": 5,
    "delivered": 3,
    "rto": 2,
    "in_transit": 0,
    "cancelled": 5,
    "lost": 0,
    "revenue": 2317.1,
    "freight": 440.14000000000004
  },
  "V1- P of 2": {
    "total_orders": 30,
    "shipped": 30,
    "delivered": 27,
    "rto": 3,
    "in_transit": 0,
    "cancelled": 0,
    "lost": 0,
    "revenue": 44436.1,
    "freight": 2626.780000000001
  },
  "V6-V2 Combo": {
    "total_orders": 17,
    "shipped": 15,
    "delivered": 15,
    "rto": 0,
    "in_transit": 0,
    "cancelled": 2,
    "lost": 0,
    "revenue": 29862.97,
    "freight": 2928.5700000000006
  },
  "V6-V1 Combo": {
    "total_orders": 5,
    "shipped": 5,
    "delivered": 5,
    "rto": 0,
    "in_transit": 0,
    "cancelled": 0,
    "lost": 0,
    "revenue": 8490.73,
    "freight": 1301.27
  },
  "Busy Book Blue": {
    "total_orders": 163,
    "shipped": 158,
    "delivered": 149,
    "rto": 8,
    "in_transit": 0,
    "cancelled": 5,
    "lost": 1,
    "revenue": 125257.85000000005,
    "freight": 33696.969999999936
  }
}