{
  "V1": {
    "total_orders": 2016,
    "shipped": 1981,
    "delivered": 1795,
    "rto": 181,
    "in_transit": 0,
    "cancelled": 35,
    "lost": 5,
    "revenue": 1320435.9700000174,
    "freight": 161621.6900000022
  },
  "V4- P of 2": {
    "total_orders": 37,
    "shipped": 36,
    "delivered": 32,
    "rto": 4,
    "in_transit": 0,
    "cancelled": 1,
    "lost": 0,
    "revenue": 25993.909999999993,
    "freight": 7160.539999999999
  },
  "V6": {
    "total_orders": 2733,
    "shipped": 2661,
    "delivered": 2283,
    "rto": 373,
    "in_transit": 2,
    "cancelled": 72,
    "lost": 3,
    "revenue": 2017938.190000038,
    "freight": 231717.3900000012
  },
  "V9": {
    "total_orders": 1316,
    "shipped": 1275,
    "delivered": 1140,
    "rto": 132,
    "in_transit": 0,
    "cancelled": 41,
    "lost": 3,
    "revenue": 1866285.2800000028,
    "freight": 192678.2899999971
  },
  "V2": {
    "total_orders": 2942,
    "shipped": 2874,
    "delivered": 2484,
    "rto": 388,
    "in_transit": 0,
    "cancelled": 68,
    "lost": 2,
    "revenue": 2240802.820000046,
    "freight": 243852.64000000182
  },
  "Busy Book Pink": {
    "total_orders": 76,
    "shipped": 76,
    "delivered": 69,
    "rto": 7,
    "in_transit": 0,
    "cancelled": 0,
    "lost": 0,
    "revenue": 61979.27,
    "freight": 14668.05
  },
  "Busy Book Blue": {
    "total_orders": 255,
    "shipped": 241,
    "delivered": 228,
    "rto": 13,
    "in_transit": 0,
    "cancelled": 14,
    "lost": 0,
    "revenue": 190118.72000000015,
    "freight": 56663.44999999997
  },
  "V9 P of 2": {
    "total_orders": 22,
    "shipped": 21,
    "delivered": 21,
    "rto": 0,
    "in_transit": 0,
    "cancelled": 1,
    "lost": 0,
    "revenue": 54998.29000000001,
    "freight": 5036.649999999999
  },
  "V4": {
    "total_orders": 305,
    "shipped": 300,
    "delivered": 279,
    "rto": 20,
    "in_transit": 0,
    "cancelled": 5,
    "lost": 1,
    "revenue": 121699.60000000002,
    "freight": 27459.510000000028
  },
  "V3": {
    "total_orders": 174,
    "shipped": 164,
    "delivered": 148,
    "rto": 16,
    "in_transit": 0,
    "cancelled": 10,
    "lost": 0,
    "revenue": 240975.47000000026,
    "freight": 28100.479999999996
  },
  "V6- P of 2": {
    "total_orders": 51,
    "shipped": 48,
    "delivered": 42,
    "rto": 6,
    "in_transit": 0,
    "cancelled": 3,
    "lost": 0,
    "revenue": 71995.66000000002,
    "freight": 4859.310000000002
  },
  "V6-V2 Combo": {
    "total_orders": 14,
    "shipped": 13,
    "delivered": 11,
    "rto": 2,
    "in_transit": 0,
    "cancelled": 1,
    "lost": 0,
    "revenue": 22221.39,
    "freight": 1936.0600000000006
  },
  "V2- P of 2": {
    "total_orders": 51,
    "shipped": 50,
    "delivered": 45,
    "rto": 5,
    "in_transit": 0,
    "cancelled": 1,
    "lost": 0,
    "revenue": 73541.54000000001,
    "freight": 6883.4299999999985
  },
  "V1-V2 Combo": {
    "total_orders": 30,
    "shipped": 30,
    "delivered": 29,
    "rto": 1,
    "in_transit": 0,
    "cancelled": 0,
    "lost": 0,
    "revenue": 55950.92,
    "freight": 2592.240000000001
  },
  "V2-V4 Combo": {
    "total_orders": 8,
    "shipped": 8,
    "delivered": 7,
    "rto": 1,
    "in_transit": 0,
    "cancelled": 0,
    "lost": 0,
    "revenue": 10039.47,
    "freight": 1315.97
  },
  "V1-V4 Combo": {
    "total_orders": 36,
    "shipped": 35,
    "delivered": 34,
    "rto": 1,
    "in_transit": 0,
    "cancelled": 1,
    "lost": 0,
    "revenue": 41574.74999999999,
    "freight": 3730.770000000002
  },
  "V6-V1 Combo": {
    "total_orders": 2,
    "shipped": 2,
    "delivered": 2,
    "rto": 0,
    "in_transit": 0,
    "cancelled": 0,
    "lost": 0,
    "revenue": 3748.0,
    "freight": 153.64999999999998
  },
  "V1- P of 2": {
    "total_orders": 26,
    "shipped": 26,
    "delivered": 24,
    "rto": 2,
    "in_transit": 0,
    "cancelled": 0,
    "lost": 0,
    "revenue": 34501.64,
    "freight": 2401.770000000001
  },
  "Krishna": {
    "total_orders": 24,
    "shipped": 21,
    "delivered": 16,
    "rto": 5,
    "in_transit": 0,
    "cancelled": 3,
    "lost": 0,
    "revenue": 11799.5,
    "freight": 1656.7300000000002
  },
  "V9-V3 Combo": {
    "total_orders": 37,
    "shipped": 31,
    "delivered": 28,
    "rto": 3,
    "in_transit": 0,
    "cancelled": 6,
    "lost": 0,
    "revenue": 85265.04000000001,
    "freight": 6849.819999999999
  },
  "V4- P of 3": {
    "total_orders": 2,
    "shipped": 2,
    "delivered": 2,
    "rto": 0,
    "in_transit": 0,
    "cancelled": 0,
    "lost": 0,
    "revenue": 2368.1,
    "freight": 96.76
  },
  "V10": {
    "total_orders": 43,
    "shipped": 13,
    "delivered": 12,
    "rto": 1,
    "in_transit": 0,
    "cancelled": 30,
    "lost": 0,
    "revenue": 21350.379999999997,
    "freight": 2384.4300000000003
  },
  "V9-V10 Combo": {
    "total_orders": 15,
    "shipped": 7,
    "delivered": 6,
    "rto": 1,
    "in_transit": 0,
    "cancelled": 8,
    "lost": 0,
    "revenue": 19300.09,
    "freight": 1489.21
  }
}