{
  "Oct 2025": {
    "V9": 24015.06801858044,
    "V2": 16561.004581054436,
    "V6": 19901.088325913912,
    "V1": 12113.539656764819,
    "V10": 989.69,
    "V4": 2711.723533568905,
    "Krishna": 123.36,
    "V6- P of 2": 747.48,
    "V3": 3718.6758841174933,
    "V2- P of 2": 123.36,
    "V9-V10 Combo": 337.36,
    "Busy Book Pink": 395.19,
    "Busy Book Blue": 517.22
  },
  "Nov 2025": {
    "V9": 17906.780000000013,
    "V3": 1758.7400000000002,
    "V10": 409.67999999999995,
    "V6": 16424.0,
    "V2": 9302.907560679609,
    "V6-V2 Combo": 328.12,
    "V1": 8132.539999999996,
    "V4": 651.5124393203885,
    "V4- P of 2": 123.36,
    "Busy Book Pink": 266.52,
    "V9-V10 Combo": 432.46,
    "Krishna": 143.16,
    "Busy Book Blue": 210.69,
    "V1- P of 2": 237.29000000000002,
    "V9-V3 Combo": 184.96
  },
  "Dec 2025": {
    "V1": 6907.813159268928,
    "V2": 8509.559999999998,
    "V1- P of 2": 425.2,
    "V10": 2452.96,
    "V6": 13083.126840731074,
    "V3": 5479.118639999999,
    "V9": 13583.848835555564,
    "V4": 1138.2,
    "V2- P of 2": 94.4,
    "V4- P of 2": 140.8,
    "V9-V10 Combo": 550.0,
    "Busy Book Pink": 28.132524444444385,
    "V6- P of 2": 140.8,
    "V9-V3 Combo": 312.56,
    "V2-V4 Combo": 143.16
  },
  "Jan 2026": {},
  "Feb 2026": {}
}