{
  "V1": {
    "total_orders": 1757,
    "shipped": 1710,
    "delivered": 1598,
    "rto": 111,
    "in_transit": 0,
    "cancelled": 47,
    "lost": 1,
    "revenue": 1148578.0400000145,
    "freight": 123937.17000000052
  },
  "V2": {
    "total_orders": 1486,
    "shipped": 1451,
    "delivered": 1259,
    "rto": 189,
    "in_transit": 1,
    "cancelled": 35,
    "lost": 2,
    "revenue": 1411450.0099999958,
    "freight": 120274.44000000028
  },
  "V9": {
    "total_orders": 898,
    "shipped": 859,
    "delivered": 782,
    "rto": 77,
    "in_transit": 0,
    "cancelled": 39,
    "lost": 0,
    "revenue": 1437900.079999999,
    "freight": 120170.11999999954
  },
  "V3": {
    "total_orders": 63,
    "shipped": 56,
    "delivered": 53,
    "rto": 3,
    "in_transit": 0,
    "cancelled": 7,
    "lost": 0,
    "revenue": 87153.75999999998,
    "freight": 7414.190000000003
  },
  "V9-V10 Combo": {
    "total_orders": 47,
    "shipped": 23,
    "delivered": 21,
    "rto": 2,
    "in_transit": 0,
    "cancelled": 24,
    "lost": 0,
    "revenue": 60360.630000000005,
    "freight": 5319.950000000001
  },
  "V2- P of 2": {
    "total_orders": 51,
    "shipped": 51,
    "delivered": 45,
    "rto": 6,
    "in_transit": 0,
    "cancelled": 0,
    "lost": 0,
    "revenue": 84431.97,
    "freight": 6899.659999999999
  },
  "V6": {
    "total_orders": 958,
    "shipped": 944,
    "delivered": 821,
    "rto": 123,
    "in_transit": 0,
    "cancelled": 14,
    "lost": 0,
    "revenue": 936573.5399999989,
    "freight": 82300.27999999981
  },
  "V9 P of 2": {
    "total_orders": 38,
    "shipped": 32,
    "delivered": 28,
    "rto": 4,
    "in_transit": 0,
    "cancelled": 6,
    "lost": 0,
    "revenue": 81228.17,
    "freight": 6544.71
  },
  "V6-V2 Combo": {
    "total_orders": 33,
    "shipped": 32,
    "delivered": 32,
    "rto": 0,
    "in_transit": 0,
    "cancelled": 1,
    "lost": 0,
    "revenue": 64367.37999999999,
    "freight": 4003.16
  },
  "V4": {
    "total_orders": 191,
    "shipped": 189,
    "delivered": 168,
    "rto": 21,
    "in_transit": 0,
    "cancelled": 2,
    "lost": 0,
    "revenue": 101096.7900000002,
    "freight": 16266.910000000027
  },
  "Busy Book Pink": {
    "total_orders": 152,
    "shipped": 74,
    "delivered": 69,
    "rto": 5,
    "in_transit": 0,
    "cancelled": 78,
    "lost": 0,
    "revenue": 56011.39000000001,
    "freight": 15069.859999999997
  },
  "Busy Book Blue": {
    "total_orders": 25,
    "shipped": 23,
    "delivered": 21,
    "rto": 2,
    "in_transit": 0,
    "cancelled": 2,
    "lost": 0,
    "revenue": 17846.84,
    "freight": 3503.8500000000013
  },
  "V8": {
    "total_orders": 57,
    "shipped": 44,
    "delivered": 39,
    "rto": 5,
    "in_transit": 0,
    "cancelled": 13,
    "lost": 0,
    "revenue": 63177.99999999999,
    "freight": 8419.430000000004
  },
  "V1- P of 2": {
    "total_orders": 70,
    "shipped": 66,
    "delivered": 64,
    "rto": 2,
    "in_transit": 0,
    "cancelled": 4,
    "lost": 0,
    "revenue": 90544.37,
    "freight": 4848.2000000000035
  },
  "V1-V4 Combo": {
    "total_orders": 56,
    "shipped": 55,
    "delivered": 51,
    "rto": 3,
    "in_transit": 0,
    "cancelled": 1,
    "lost": 1,
    "revenue": 60958.58999999998,
    "freight": 4295.520000000002
  },
  "V1-V2 Combo": {
    "total_orders": 33,
    "shipped": 32,
    "delivered": 29,
    "rto": 3,
    "in_transit": 0,
    "cancelled": 1,
    "lost": 0,
    "revenue": 57290.59,
    "freight": 2652.5000000000005
  },
  "V9-V3 Combo": {
    "total_orders": 49,
    "shipped": 32,
    "delivered": 28,
    "rto": 4,
    "in_transit": 0,
    "cancelled": 17,
    "lost": 0,
    "revenue": 80929.94999999997,
    "freight": 5787.800000000002
  },
  "V10": {
    "total_orders": 92,
    "shipped": 56,
    "delivered": 51,
    "rto": 5,
    "in_transit": 0,
    "cancelled": 36,
    "lost": 0,
    "revenue": 94481.03000000001,
    "freight": 9976.670000000002
  },
  "V4- P of 2": {
    "total_orders": 28,
    "shipped": 27,
    "delivered": 24,
    "rto": 3,
    "in_transit": 0,
    "cancelled": 1,
    "lost": 0,
    "revenue": 22692.399999999994,
    "freight": 2963.1600000000003
  },
  "V2-V4 Combo": {
    "total_orders": 20,
    "shipped": 20,
    "delivered": 19,
    "rto": 1,
    "in_transit": 0,
    "cancelled": 0,
    "lost": 0,
    "revenue": 28689.54,
    "freight": 1997.3600000000004
  },
  "V6- P of 2": {
    "total_orders": 51,
    "shipped": 50,
    "delivered": 44,
    "rto": 6,
    "in_transit": 0,
    "cancelled": 1,
    "lost": 0,
    "revenue": 81546.4,
    "freight": 6911.570000000001
  },
  "V7 Police Cruiser": {
    "total_orders": 21,
    "shipped": 2,
    "delivered": 2,
    "rto": 0,
    "in_transit": 0,
    "cancelled": 19,
    "lost": 0,
    "revenue": 2698.0,
    "freight": 163.42000000000002
  },
  "Krishna": {
    "total_orders": 1,
    "shipped": 0,
    "delivered": 0,
    "rto": 0,
    "in_transit": 0,
    "cancelled": 1,
    "lost": 0,
    "revenue": 0.0,
    "freight": 0.0
  },
  "Human Book": {
    "total_orders": 4,
    "shipped": 2,
    "delivered": 2,
    "rto": 0,
    "in_transit": 0,
    "cancelled": 2,
    "lost": 0,
    "revenue": 1398.71,
    "freight": 106.94
  }
}